id,TP,FP,FN,f1score
AA,2,2,8,0.285714286
AB,0,1,4,0
AC,0,0,0,0
AD,0,0,0,0
AE,4,0,4,0.666666667
AF,8,1,4,0.761904762
AG,0,0,0,0
AH,6,0,10,0.545454545
AI,2,2,4,0.4
AJ,0,0,0,0
AK,5,1,3,0.714285714
AL,0,0,0,0
AM,0,2,4,0
AN,10,2,4,0.769230769
AO,7,4,3,0.666666667
AP,0,0,0,0
AQ,0,5,0,0
AR,0,6,0,0
AS,0,1,0,0
AT,0,3,0,0
all,10,4,0,0.833333333
,,,,
,44,30,48,0.71728688
